<!-- AML MAME Fanart template -->
<Advanced_MAME_Launcher_MAME_Fanart>
    <!-- Artwork images -->
    <Title>
        <width>450</width>
        <height>450</height>
        <left>50</left>
        <top>50</top>
    </Title>
    <Snap>
        <width>450</width>
        <height>450</height>
        <left>50</left>
        <top>550</top>
    </Snap>
    <Flyer>
        <width>450</width>
        <height>450</height>
        <left>1420</left>
        <top>50</top>
    </Flyer>
    <Cabinet>
        <width>300</width>
        <height>425</height>
        <left>1050</left>
        <top>625</top>
    </Cabinet>
    <Artpreview>
        <width>450</width>
        <height>550</height>
        <left>550</left>
        <top>500</top>
    </Artpreview>
    <PCB>
        <width>300</width>
        <height>300</height>
        <left>1500</left>
        <top>525</top>
    </PCB>
    <Clearlogo>
        <width>450</width>
        <height>200</height>
        <left>1400</left>
        <top>850</top>
    </Clearlogo>
    <CPanel>
        <width>300</width>
        <height>100</height>
        <left>1050</left>
        <top>500</top>
    </CPanel>
    <Marquee>
        <width>800</width>
        <height>275</height>
        <left>550</left>
        <top>175</top>
    </Marquee>

    <!-- Text fields -->
    <MachineName>
        <left>550</left>
        <top>50</top>
        <fontsize>72</fontsize>
    </MachineName>
</Advanced_MAME_Launcher_MAME_Fanart>
