<!-- AML Software List Fanart template -->
<Advanced_MAME_Launcher_SL_Fanart>
    <!-- Software List item artwork images -->
    <Title>
        <width>600</width>
        <height>475</height>
        <left>1250</left>
        <top>50</top>
    </Title>
    <Snap>
        <width>600</width>
        <height>475</height>
        <left>1250</left>
        <top>550</top>
    </Snap>
    <BoxFront>
        <width>650</width>
        <height>980</height>
        <left>50</left>
        <top>50</top>
    </BoxFront>

    <!-- Software List text fields -->
    <SLName>
        <left>720</left>
        <top>90</top>
        <fontsize>76</fontsize>
    </SLName>
    <ItemName>
        <left>720</left>
        <top>180</top>
        <fontsize>76</fontsize>
    </ItemName>
</Advanced_MAME_Launcher_SL_Fanart>
