﻿<?xml version="1.0" encoding="UTF-8" standalone="yes"?>
<addon id="plugin.program.advanced.MAME.launcher"
       name="Advanced MAME Launcher"
       version="0.9.3"
       provider-name="Wintermute0110">
  <requires>
    <!-- 2.25.0 Krypton 17.x -->
    <import addon="xbmc.python" version="2.25.0" />
  </requires>
  <extension point="xbmc.python.pluginsource" library="addon.py">
    <provides>executable</provides>
  </extension>
  <extension point="xbmc.addon.metadata">
    <summary lang="en">Kodi meets MAME!</summary>
    <description lang="en">Advanced MAME fronted for Kodi. Supports both Arcade and Software Lists.</description>
    <platform>all</platform>
    <license>GNU General Public License version 2</license>
    <email>wintermute0110@gmail.com</email>    
    <forum>http://forum.kodi.tv/showthread.php?tid=304186</forum>
    <website>https://github.com/Wintermute0110/plugin.program.advanced.MAME.launcher/wiki</website>
    <source>https://github.com/Wintermute0110/plugin.program.advanced.MAME.launcher</source>
    <assets>
      <icon>media/icon.png</icon>
      <fanart>media/fanart.jpg</fanart>
      <screenshot>media/shot_root.jpg</screenshot>
      <screenshot>media/shot_MAME_parents.jpg</screenshot>
      <screenshot>media/shot_MAME_clones.jpg</screenshot>
      <screenshot>media/shot_MAME_flat.jpg</screenshot>
      <screenshot>media/shot_SL_parents.jpg</screenshot>
    </assets>
    <news>Development version / comment 2</news>
  </extension>
</addon>
