﻿<?xml version="1.0" encoding="UTF-8" standalone="yes"?>
<addon id="plugin.program.advanced.MAME.launcher"
       name="Advanced MAME Launcher"
       version="0.9.0"
       provider-name="Wintermute0110">
  <requires>
    <!-- 2.24.0  Jarvis 16.x / 2.25.0  Krypton 17.x -->
    <import addon="xbmc.python" version="2.24.0" />
  </requires>
  <extension point="xbmc.python.pluginsource" library="addon.py">
    <provides>executable</provides>
  </extension>
  <extension point="xbmc.addon.metadata">
    <platform>all</platform>
    <disclaimer>Developed in Kodi Jarvis.</disclaimer>
    <summary lang="en">Kodi meets MAME!</summary>
    <description lang="en">Advanced MAME fronted for Kodi. Supports both Arcade and Software Lists.</description>
  </extension>
</addon>
